DateTime,Y
2022-10-19 05,454734.6460416667
2022-10-19 06,476404.6720416667
2022-10-19 07,455067.3744583334
2022-10-19 08,660535.6179166668
2022-10-19 09,616099.35825
2022-10-19 10,438614.4133333334
2022-10-19 11,448954.74720833334
2022-10-19 12,552076.5129583334
2022-10-19 13,571926.0414166667
2022-10-19 14,571522.71525
2022-10-19 15,560888.9354166667
2022-10-19 16,549840.9545833333
2022-10-19 17,560979.00375
2022-10-19 18,576822.5637500001
2022-10-19 19,619892.3583333334
2022-10-19 20,701197.3815833334
2022-10-19 21,645965.1463333333
2022-10-19 22,693802.8916666667
2022-10-19 23,647118.6055000001
2022-10-20 00,641076.4899166668
2022-10-20 01,633006.1788333334
2022-10-20 02,644006.5784166667
2022-10-20 03,512852.18433333345
2022-10-20 04,438375.2379583334
2022-10-20 05,433743.06295833335
2022-10-20 06,431413.8347083333
2022-10-20 07,430679.12408333336
2022-10-20 08,433125.248125
2022-10-20 09,534355.7065833333
2022-10-20 10,521254.30220833333
2022-10-20 11,510753.2162916667
2022-10-20 12,524775.3571666667
2022-10-20 13,530810.2093333333
2022-10-20 14,542898.1390416668
2022-10-20 15,528191.8826666666
2022-10-20 16,498968.03729166667
2022-10-20 17,527878.2718750001
2022-10-20 18,636696.0333333333
2022-10-20 19,608789.3359166667
2022-10-20 20,561396.5198333333
2022-10-20 21,549039.632875
2022-10-20 22,576508.0151666667
2022-10-20 23,568785.4084583333
2022-10-21 00,531563.641625
2022-10-21 01,464766.0095
2022-10-21 02,434364.0425416667
2022-10-21 03,421822.3814583333
2022-10-21 04,398364.949375
2022-10-21 05,384967.0169583333
2022-10-21 06,367558.4349583333
2022-10-21 07,388042.8414583334
2022-10-21 08,415988.40920833335
2022-10-21 09,442549.2445833334
2022-10-21 10,498954.1319583333
2022-10-21 11,531296.7041666667
2022-10-21 12,558421.06125
2022-10-21 13,551117.9511666667
2022-10-21 14,547128.9175
2022-10-21 15,535290.7254166667
2022-10-21 16,547925.27375
2022-10-21 17,580168.7800833334
2022-10-21 18,615556.2433333333
2022-10-21 19,580295.55825
2022-10-21 20,599158.2434166666
2022-10-21 21,627617.3286666666
2022-10-21 22,609088.7495833334
2022-10-21 23,548180.9695416667
2022-10-22 00,477670.26383333333
2022-10-22 01,438861.8248333333
2022-10-22 02,457904.9161666667
2022-10-22 03,472125.7692916666
2022-10-22 04,421247.29975
2022-10-22 05,425501.2604583334
2022-10-22 06,419533.6110833334
2022-10-22 07,420685.90737499995
2022-10-22 08,431245.8805
2022-10-22 09,515273.9309166667
2022-10-22 10,506609.4600833333
2022-10-22 11,533137.4827083334
2022-10-22 12,547660.9720833333
2022-10-22 13,550152.7555000001
2022-10-22 14,539995.45975
2022-10-22 15,537140.2430000001
2022-10-22 16,535390.0363333334
2022-10-22 17,563077.79075
2022-10-22 18,537470.9258750001
2022-10-22 19,569187.005125
2022-10-22 20,570284.7504166667
2022-10-22 21,533919.6318750001
2022-10-22 22,548662.15725
2022-10-22 23,585247.4234166667
2022-10-23 00,519797.80354166665
2022-10-23 01,594650.4704999999
2022-10-23 02,519943.2812083333
2022-10-23 03,524648.2909166667
2022-10-23 04,472791.25704166666
2022-10-23 05,486752.42537500005
2022-10-23 06,587720.3465833333
2022-10-23 07,521607.94725
2022-10-23 08,608559.8070833334
2022-10-23 09,563387.3249166667
2022-10-23 10,554269.0504166667
2022-10-23 11,537053.3473333333
2022-10-23 12,493173.81933333335
2022-10-23 13,492509.40562499996
2022-10-23 14,528783.6552500001
2022-10-23 15,528380.5904583334
2022-10-23 16,544804.1671666667
2022-10-23 17,501142.32675
2022-10-23 18,466421.0950833334
2022-10-23 19,509007.33587500005
2022-10-23 20,562031.2975
2022-10-23 21,582160.1046666667
2022-10-23 22,520213.3839166667
2022-10-23 23,540617.806
2022-10-24 00,623690.5829166666
2022-10-24 01,569386.000625
2022-10-24 02,529605.6191666666
2022-10-24 03,511774.3202916667
2022-10-24 04,425476.8274166666
2022-10-24 05,404286.1795
2022-10-24 06,412666.81450000004
2022-10-24 07,427147.9118333334
2022-10-24 08,444621.4020416667
2022-10-24 09,481794.143
2022-10-24 10,428591.7505416667
2022-10-24 11,439985.92675000004
2022-10-24 12,511133.953125
2022-10-24 13,537862.6845416666
2022-10-24 14,535317.0644166666
2022-10-24 15,536682.7431666667
2022-10-24 16,536171.2483333334
2022-10-24 17,467761.5092083334
2022-10-24 18,475291.2025833333
2022-10-24 19,449589.1776666667
2022-10-24 20,485789.1629583333
2022-10-24 21,568905.5096666667
2022-10-24 22,519369.14175
2022-10-24 23,541521.5957083333
2022-10-25 00,596380.5129166667
2022-10-25 01,563924.3591666667
2022-10-25 02,532409.2439583334
2022-10-25 03,519329.2243333333
2022-10-25 04,530225.069875
2022-10-25 05,583602.3528333333
2022-10-25 06,497368.0760416666
2022-10-25 07,516722.4033333333
2022-10-25 08,582698.9429166667
2022-10-25 09,564539.09125
2022-10-25 10,568045.4555833334
2022-10-25 11,549555.9730000001
2022-10-25 12,566137.7439166667
2022-10-25 13,526428.769125
2022-10-25 14,526026.8395000001
2022-10-25 15,535241.3595
2022-10-25 16,523669.62320833333
2022-10-25 17,574410.8243333334
2022-10-25 18,590723.1778333334
2022-10-25 19,468347.88275000005
2022-10-25 20,465362.11454166676
2022-10-25 21,419724.7501666667
2022-10-25 22,413751.9292083334
2022-10-25 23,408906.28608333337
2022-10-26 00,410247.503
2022-10-26 01,410065.9782083333
2022-10-26 02,410483.81083333335
2022-10-26 03,415636.099125
2022-10-26 04,419309.1450416667
2022-10-26 05,399216.79779166676
2022-10-26 06,404849.7326666667
2022-10-26 07,406282.96
2022-10-26 08,473439.6102083334
2022-10-26 09,484318.41883333336
2022-10-26 10,421797.16
2022-10-26 11,459513.213125
2022-10-26 12,435958.1192083334
2022-10-26 13,433214.7374166667
2022-10-26 14,457059.071125
2022-10-26 15,440678.73512500006
2022-10-26 16,425341.16004166665
2022-10-26 17,419386.7345
2022-10-26 18,422032.9596250001
2022-10-26 19,420274.6791666667
2022-10-26 20,416828.88066666666
2022-10-26 21,423626.67170833336
2022-10-26 22,434424.03612500004
2022-10-26 23,429652.72883333336
2022-10-27 00,432551.48425000004
2022-10-27 01,424463.57933333336
2022-10-27 02,421636.2107916667
2022-10-27 03,416888.2199166667
2022-10-27 04,415781.8871666666
2022-10-27 05,415544.493125
2022-10-27 06,416810.6840833334
2022-10-27 07,412910.11833333335
2022-10-27 08,433309.5425833334
2022-10-27 09,449476.861875
2022-10-27 10,458839.209875
2022-10-27 11,430150.80216666666
2022-10-27 12,442781.6494583334
2022-10-27 13,501571.38724999997
2022-10-27 14,512575.07
2022-10-27 15,524172.0145416667
2022-10-27 16,502329.98908333335
2022-10-27 17,465390.95470833336
2022-10-27 18,409535.2883333334
2022-10-27 19,395021.0214166667
2022-10-27 20,410026.641125
2022-10-27 21,424483.82891666674
2022-10-27 22,405514.02404166665
2022-10-27 23,392238.5214166667
2022-10-28 00,370411.82324999996
2022-10-28 01,365654.6864583334
2022-10-28 02,354615.5084583333
2022-10-28 03,340412.06695833337
2022-10-28 04,339496.4869166667
2022-10-28 05,333667.30825
2022-10-28 06,320478.87395833334
2022-10-28 07,332434.82820833335
2022-10-28 08,355164.0177083334
2022-10-28 09,394513.50562500005
2022-10-28 10,442868.56750000006
2022-10-28 11,437136.9794583334
2022-10-28 12,429550.2250416667
2022-10-28 13,450510.06291666673
2022-10-28 14,450884.37408333336
2022-10-28 15,439961.2291666667
2022-10-28 16,434286.40020833333
2022-10-28 17,437108.3576666667
2022-10-28 18,422278.2139583333
2022-10-28 19,432377.3144583334
2022-10-28 20,437937.93941666675
2022-10-28 21,444908.15633333335
2022-10-28 22,427098.8555416667
2022-10-28 23,409846.6187500001
2022-10-29 00,399319.45437500003
2022-10-29 01,399877.441375
2022-10-29 02,397145.08083333337
2022-10-29 03,372560.700125
2022-10-29 04,362581.27983333333
2022-10-29 05,367938.5669166667
2022-10-29 06,351139.61316666665
2022-10-29 07,354777.56275000004
2022-10-29 08,382638.94175
2022-10-29 09,440204.8492916667
2022-10-29 10,449113.02108333335
2022-10-29 11,432387.5612500001
2022-10-29 12,488286.15787500003
2022-10-29 13,527040.1784166667
2022-10-29 14,532915.9915833334
2022-10-29 15,533246.5792500001
2022-10-29 16,532367.1138333334
2022-10-29 17,546936.1295833333
2022-10-29 18,432771.48575
2022-10-29 19,467202.9846666667
2022-10-29 20,421309.555875
2022-10-29 21,415167.79437500006
2022-10-29 22,418297.24954166665
2022-10-29 23,402682.1089583333
2022-10-30 00,510518.09349999996
2022-10-30 01,491671.47675
2022-10-30 02,463077.02929166664
2022-10-30 03,402556.4492083334
2022-10-30 04,397295.7059166667
2022-10-30 05,380516.90599999996
2022-10-30 06,370828.3154166667
2022-10-30 07,380771.7939166667
2022-10-30 08,411276.9283333334
2022-10-30 09,437254.4755416667
2022-10-30 10,466396.60425000003
2022-10-30 11,484417.3521666667
2022-10-30 12,485049.447125
2022-10-30 13,511331.58737500006
2022-10-30 14,533881.0489166667
2022-10-30 15,525642.084625
2022-10-30 16,506394.5891666667
2022-10-30 17,527916.7467916667
2022-10-30 18,483572.4235833334
2022-10-30 19,568888.0965416668
2022-10-30 20,623804.0149166667
2022-10-30 21,641509.17125
2022-10-30 22,655122.3521666668
2022-10-30 23,642377.1029166667
2022-10-31 00,597732.4941666668
2022-10-31 01,570865.2129166668
2022-10-31 02,486401.0235833333
2022-10-31 03,446099.59362500004
2022-10-31 04,432437.3440833334
2022-10-31 05,462249.1004583333
2022-10-31 06,521604.5
2022-10-31 07,565492.2746666666
2022-10-31 08,423526.8539583334
2022-10-31 09,442830.555875
2022-10-31 10,433650.125125
2022-10-31 11,430905.69
2022-10-31 12,426314.66800000006
2022-10-31 13,453557.84479166666
2022-10-31 14,460418.8354166667
2022-10-31 15,434895.25212500006
2022-10-31 16,424509.9805833334
2022-10-31 17,422645.53845833335
2022-10-31 18,494017.8354166667
2022-10-31 19,488715.0578333333
2022-10-31 20,534486.3133333334
2022-10-31 21,430623.0422083333
2022-10-31 22,410328.2393333334
2022-10-31 23,483134.2139583333
2022-11-01 00,561890.4933333333
2022-11-01 01,547237.8984583333
2022-11-01 02,506394.40033333335
2022-11-01 03,488226.4838333334
2022-11-01 04,502597.2486666667
2022-11-01 05,505259.450375
2022-11-01 06,499362.76887500007
2022-11-01 07,452153.10225
2022-11-01 08,430889.63800000004
2022-11-01 09,439962.1822083334
2022-11-01 10,498148.7915416667
2022-11-01 11,473562.11437500006
2022-11-01 12,474946.508125
2022-11-01 13,476430.56933333335
2022-11-01 14,484302.82854166673
2022-11-01 15,486833.6687916667
2022-11-01 16,484678.360375
2022-11-01 17,510366.1924583334
2022-11-01 18,546322.7507916667
2022-11-01 19,570823.85125
2022-11-01 20,572397.05125
2022-11-01 21,568557.2284166667
2022-11-01 22,573060.1995
2022-11-01 23,571888.5766666668
2022-11-02 00,570112.3228333334
2022-11-02 01,570269.3453333334
2022-11-02 02,575221.8063333334
2022-11-02 03,501796.40483333333
2022-11-02 04,453413.8051666667
2022-11-02 05,453849.0177083334
2022-11-02 06,490491.25108333334
2022-11-02 07,415974.69320833334
2022-11-02 08,414531.89341666666
2022-11-02 09,426497.65141666663
2022-11-02 10,436967.49516666663
2022-11-02 11,430555.2519166667
2022-11-02 12,453865.94658333337
2022-11-02 13,449474.70220833336
2022-11-02 14,524482.1404166667
2022-11-02 15,514743.5835416667
2022-11-02 16,527580.9093749999
2022-11-02 17,531353.635125
2022-11-02 18,397401.4386666667
2022-11-02 19,397863.1963333334
2022-11-02 20,414273.7175
2022-11-02 21,425341.0571666667
2022-11-02 22,411253.2005416667
2022-11-02 23,400430.67483333335
2022-11-03 00,394310.1512083334
2022-11-03 01,391533.3925416667
2022-11-03 02,387085.54883333336
2022-11-03 03,380437.4464583334
2022-11-03 04,361837.46612500004
2022-11-03 05,365153.6946666667
2022-11-03 06,366562.47949999996
2022-11-03 07,365624.81958333333
2022-11-03 08,399273.14025
2022-11-03 09,419461.71962499997
2022-11-03 10,457110.8347083334
2022-11-03 11,455062.1229583333
2022-11-03 12,409898.1295416667
2022-11-03 13,475844.79629166663
2022-11-03 14,435448.2902916667
2022-11-03 15,496950.86454166664
2022-11-03 16,453437.0494166667
2022-11-03 17,415469.64387500007
2022-11-03 18,412515.00504166674
2022-11-03 19,442522.30125
2022-11-03 20,424546.84208333335
2022-11-03 21,413350.10587500007
2022-11-03 22,401984.80199999997
2022-11-03 23,398461.68004166667
2022-11-04 00,387620.74608333333
2022-11-04 01,369298.2104583334
2022-11-04 02,359986.8369583334
2022-11-04 03,354519.977
2022-11-04 04,355253.50758333335
2022-11-04 05,349631.79658333334
2022-11-04 06,346110.32587500004
2022-11-04 07,339974.90591666667
2022-11-04 08,381840.2982083334
2022-11-04 09,411926.9974583334
2022-11-04 10,460024.34737500007
2022-11-04 11,437981.8694166667
2022-11-04 12,422367.84800000006
2022-11-04 13,438533.36045833334
2022-11-04 14,451999.68429166666
2022-11-04 15,502539.4514166667
2022-11-04 16,555869.1193333333
2022-11-04 17,547003.6371666667
2022-11-04 18,452074.5461666666
2022-11-04 19,421314.89475000004
2022-11-04 20,411535.5035416666
2022-11-04 21,404834.3795
2022-11-04 22,400138.3837083333
2022-11-04 23,388353.78862500004
2022-11-05 00,382580.79925
2022-11-05 01,369344.2804166667
2022-11-05 02,364780.6703333334
2022-11-05 03,362228.3975
2022-11-05 04,355983.2376666667
2022-11-05 05,352756.356875
2022-11-05 06,350776.20391666674
2022-11-05 07,368656.0855833334
2022-11-05 08,407528.9245
2022-11-05 09,473277.7793333333
2022-11-05 10,446868.784
2022-11-05 11,415695.6032083333
2022-11-05 12,423832.4210416667
2022-11-05 13,421937.63354166667
2022-11-05 14,410595.33550000004
2022-11-05 15,429124.8172916667
2022-11-05 16,515541.13866666675
2022-11-05 17,502501.43075000006
2022-11-05 18,476507.08300000004
2022-11-05 19,433022.0262083334
2022-11-05 20,402432.3213333334
2022-11-05 21,411720.8520416667
2022-11-05 22,411004.39941666665
2022-11-05 23,410411.97404166666
2022-11-06 00,413586.03254166665
2022-11-06 01,431458.2819166667
2022-11-06 02,445875.25649999996
2022-11-06 03,466502.2075
2022-11-06 04,461123.11962500005
2022-11-06 05,450443.60420833336
2022-11-06 06,433792.1677916667
2022-11-06 07,429178.3742916667
2022-11-06 08,445227.51116666663
2022-11-06 09,431986.4177916667
2022-11-06 10,433190.626375
2022-11-06 11,422675.91825000005
2022-11-06 12,431336.02454166673
2022-11-06 13,424324.65958333336
2022-11-06 14,413831.018125
2022-11-06 15,437831.62875
2022-11-06 16,522487.08629166667
2022-11-06 17,473029.20625000005
2022-11-06 18,420866.6336666667
2022-11-06 19,426671.81191666675
2022-11-06 20,425057.13716666674
2022-11-06 21,420344.6801666667
2022-11-06 22,419404.3479583333
2022-11-06 23,481482.43741666665
2022-11-07 00,600381.6104166667
2022-11-07 01,563584.80725
2022-11-07 02,462844.4685
2022-11-07 03,435988.6360416667
2022-11-07 04,435802.57737500005
2022-11-07 05,413602.4965416666
2022-11-07 06,413141.2525
2022-11-07 07,428473.48058333335
2022-11-07 08,447053.19812500005
2022-11-07 09,432758.9011666667
2022-11-07 10,428435.7501666667
2022-11-07 11,430212.08475
2022-11-07 12,442007.1942083333
2022-11-07 13,443083.8417500001
2022-11-07 14,468446.50583333336
2022-11-07 15,449154.27275
2022-11-07 16,509954.8107916667
2022-11-07 17,538910.71375
2022-11-07 18,450424.9110000001
2022-11-07 19,424327.8809583333
2022-11-07 20,411331.06916666665
2022-11-07 21,419332.63412500004
2022-11-07 22,450185.9561666667
2022-11-07 23,484096.3212916667
2022-11-08 00,587427.8152083334
2022-11-08 01,597107.2178333333
2022-11-08 02,584755.9940833333
2022-11-08 03,526269.8909583333
2022-11-08 04,541346.5346666668
2022-11-08 05,507384.0935416667
2022-11-08 06,485326.6792916667
2022-11-08 07,482096.0829166667
2022-11-08 08,496364.314375
2022-11-08 09,433055.120375
2022-11-08 10,450707.56870833336
2022-11-08 11,474944.5067916667
2022-11-08 12,486237.5533750001
2022-11-08 13,503890.84433333337
2022-11-08 14,515125.11554166675
2022-11-08 15,517730.633625
2022-11-08 16,534640.6690000001
2022-11-08 17,457694.68966666673
2022-11-08 18,445985.5548333334
2022-11-08 19,472595.88675000006
2022-11-08 20,519458.4989166667
2022-11-08 21,550221.5620833334
2022-11-08 22,587737.6683333333
2022-11-08 23,584708.6999166667
2022-11-09 00,593808.3108333334
2022-11-09 01,575414.1175833334
2022-11-09 02,622500.0283333334
2022-11-09 03,611732.7937500001
2022-11-09 04,621395.6895
2022-11-09 05,615207.0020833333
2022-11-09 06,616752.5035
2022-11-09 07,415215.1866666667
2022-11-09 08,436102.22379166674
2022-11-09 09,463548.062125
2022-11-09 10,441302.3174166667
2022-11-09 11,433902.54420833336
2022-11-09 12,432163.473125
2022-11-09 13,443759.9856666667
2022-11-09 14,503053.02625000005
2022-11-09 15,474916.88820833334
2022-11-09 16,441693.6352083334
2022-11-09 17,434502.52808333334
2022-11-09 18,444822.439375
2022-11-09 19,429567.8377916667
2022-11-09 20,399649.25241666666
2022-11-09 21,377042.7435416667
2022-11-09 22,391611.19225
2022-11-09 23,400649.0119166667
2022-11-10 00,388680.8952916667
2022-11-10 01,388480.66041666665
2022-11-10 02,401846.0457916667
2022-11-10 03,387940.4889583333
2022-11-10 04,382570.1937916667
2022-11-10 05,378766.48466666666
2022-11-10 06,387608.9367083334
2022-11-10 07,381647.08479166665
2022-11-10 08,401162.47875000007
2022-11-10 09,451460.68466666667
2022-11-10 10,443001.7534583334
2022-11-10 11,433624.55170833337
2022-11-10 12,433630.51
2022-11-10 13,471797.41400000005
2022-11-10 14,473134.6238333334
2022-11-10 15,425320.35966666666
2022-11-10 16,432092.9795000001
2022-11-10 17,429377.9907916667
2022-11-10 18,414002.4013750001
2022-11-10 19,402686.56070833333
2022-11-10 20,414998.8116666667
2022-11-10 21,412015.34112500004
2022-11-10 22,417531.4501666667
2022-11-10 23,400589.09233333333
2022-11-11 00,428539.337875
2022-11-11 01,432185.63895833335
2022-11-11 02,423555.90912500006
2022-11-11 03,410050.048
2022-11-11 04,408349.0320833333
2022-11-11 05,405480.16208333336
2022-11-11 06,420719.40358333336
2022-11-11 07,420160.0562083333
2022-11-11 08,420759.7236666667
2022-11-11 09,428620.54095833335
2022-11-11 10,429795.1709166667
2022-11-11 11,434013.4695833333
2022-11-11 12,461827.6441666667
2022-11-11 13,438493.2123333334
2022-11-11 14,441275.3610833334
2022-11-11 15,434795.0236250001
2022-11-11 16,429883.24720833334
2022-11-11 17,427392.5084166667
2022-11-11 18,411960.80583333335
2022-11-11 19,433201.9116666667
2022-11-11 20,429337.633875
2022-11-11 21,414169.9092916667
2022-11-11 22,395459.85833333334
2022-11-11 23,391323.11754166667
2022-11-12 00,390326.2677083334
2022-11-12 01,389893.77720833337
2022-11-12 02,398550.95933333336
2022-11-12 03,380707.59145833337
2022-11-12 04,383517.183375
2022-11-12 05,375652.3566666667
2022-11-12 06,369750.577625
2022-11-12 07,348516.74804166664
2022-11-12 08,341872.4990416667
2022-11-12 09,388716.28516666667
2022-11-12 10,450632.74175000004
2022-11-12 11,456591.71525000007
2022-11-12 12,485247.1024166667
2022-11-12 13,483650.05808333337
2022-11-12 14,461213.2215416667
2022-11-12 15,432934.11195833335
2022-11-12 16,432611.48675
2022-11-12 17,428945.43079166673
2022-11-12 18,400435.42891666666
2022-11-12 19,400544.1666666667
2022-11-12 20,412136.3799583333
2022-11-12 21,421305.054125
2022-11-12 22,423373.0684166667
2022-11-12 23,420113.99279166665
2022-11-13 00,417846.5785416667
2022-11-13 01,419770.31525000004
2022-11-13 02,423002.79233333335
2022-11-13 03,416330.88866666664
2022-11-13 04,415897.56583333336
2022-11-13 05,421151.09245833335
2022-11-13 06,425307.9362916667
2022-11-13 07,402041.4450416667
2022-11-13 08,411756.2934166666
2022-11-13 09,413836.17925000004
2022-11-13 10,442733.9385
2022-11-13 11,479830.54658333334
2022-11-13 12,464718.69404166663
2022-11-13 13,462840.5674583334
2022-11-13 14,466229.94254166674
2022-11-13 15,426656.3500833334
2022-11-13 16,431258.27258333337
2022-11-13 17,423362.28320833336
2022-11-13 18,400332.514375
2022-11-13 19,403550.43808333337
2022-11-13 20,403285.37183333334
2022-11-13 21,409482.44745833334
2022-11-13 22,409473.19566666667
2022-11-13 23,413634.9756666667
2022-11-14 00,407567.60095833335
2022-11-14 01,409029.68950000004
2022-11-14 02,414381.1496666667
2022-11-14 03,432373.02129166666
2022-11-14 04,412664.2052083334
2022-11-14 05,400604.09670833335
2022-11-14 06,395637.579625
2022-11-14 07,387034.847
2022-11-14 08,409382.01608333335
2022-11-14 09,459812.45845833333
2022-11-14 10,435431.90262500005
2022-11-14 11,431021.1035416667
2022-11-14 12,451176.2208333334
2022-11-14 13,469061.17250000004
2022-11-14 14,467624.189375
2022-11-14 15,467696.6426666667
2022-11-14 16,435137.4095416667
2022-11-14 17,419562.98529166664
2022-11-14 18,408623.98716666666
2022-11-14 19,410819.7310833333
2022-11-14 20,385404.26675
2022-11-14 21,369717.4702916667
2022-11-14 22,371577.871875
2022-11-14 23,365195.8589583333
2022-11-15 00,349539.85250000004
2022-11-15 01,340097.944625
2022-11-15 02,332866.7268333333
2022-11-15 03,330879.09829166665
2022-11-15 04,329300.35533333337
2022-11-15 05,318935.255375
2022-11-15 06,322449.3975
2022-11-15 07,324457.28187500004
2022-11-15 08,347600.8875
2022-11-15 09,385084.043625
2022-11-15 10,440792.55254166666
2022-11-15 11,447753.65683333337
2022-11-15 12,505224.69425
2022-11-15 13,539053.3821666667
2022-11-15 14,536341.7349166666
2022-11-15 15,546223.0589166667
2022-11-15 16,556898.7059166667
2022-11-15 17,569339.1750833333
2022-11-15 18,421260.84300000005
2022-11-15 19,393210.0557916667
2022-11-15 20,417380.75462500006
2022-11-15 21,402634.2692083333
2022-11-15 22,392430.92100000003
2022-11-15 23,372152.84329166665
2022-11-16 00,357346.2715833334
2022-11-16 01,342668.55795833335
2022-11-16 02,331991.9176666667
2022-11-16 03,325288.98520833335
2022-11-16 04,325282.9557916667
2022-11-16 05,313420.04325000005
2022-11-16 06,318124.8518333333
2022-11-16 07,322121.87812500005
2022-11-16 08,340874.587875
2022-11-16 09,361697.8535833333
2022-11-16 10,405134.89645833336
2022-11-16 11,446798.44508333335
2022-11-16 12,462939.3466666667
2022-11-16 13,523445.9029583333
2022-11-16 14,490598.07191666664
2022-11-16 15,503836.7731666667
2022-11-16 16,531224.0372083333
2022-11-16 17,460675.45083333337
2022-11-16 18,421173.5360416667
2022-11-16 19,395640.36300000007
2022-11-16 20,360568.96587500005
2022-11-16 21,357602.37783333333
2022-11-16 22,356213.6873333333
2022-11-16 23,338040.4002916667
2022-11-17 00,340083.8041666667
2022-11-17 01,332500.8248333334
2022-11-17 02,338012.9922083334
2022-11-17 03,324497.76375000004
2022-11-17 04,312500.6315833333
2022-11-17 05,311464.85770833335
2022-11-17 06,319739.7168333333
2022-11-17 07,325466.86541666667
2022-11-17 08,347051.2358333334
2022-11-17 09,355279.19350000005
2022-11-17 10,395688.55825
2022-11-17 11,441930.8092083333
2022-11-17 12,431103.0590833334
2022-11-17 13,429687.8612916667
2022-11-17 14,426559.065125
2022-11-17 15,426395.3612916667
2022-11-17 16,419077.91920833336
2022-11-17 17,421258.2000416667
2022-11-17 18,423456.6795
2022-11-17 19,400030.9985
2022-11-17 20,369195.5876250001
2022-11-17 21,359721.56725
2022-11-17 22,346035.41945833334
2022-11-17 23,347345.03125
2022-11-18 00,349517.123375
2022-11-18 01,350524.95745833335
2022-11-18 02,332838.4320833333
2022-11-18 03,333554.94220833335
2022-11-18 04,341179.5202083333
2022-11-18 05,328190.13850000006
2022-11-18 06,324781.091
2022-11-18 07,330871.744
2022-11-18 08,331135.48650000006
2022-11-18 09,360475.4052916667
2022-11-18 10,413445.08995833335
2022-11-18 11,449138.742875
2022-11-18 12,431983.916625
2022-11-18 13,428513.35454166663
2022-11-18 14,427891.1759166667
2022-11-18 15,429665.3003333334
2022-11-18 16,432109.79016666673
2022-11-18 17,437378.08108333335
2022-11-18 18,434581.75283333333
2022-11-18 19,392177.1934166667
2022-11-18 20,358316.8315833334
2022-11-18 21,350091.1112916667
2022-11-18 22,345666.063375
2022-11-18 23,352530.065375
2022-11-19 00,344596.689375
2022-11-19 01,327471.56895833334
2022-11-19 02,324987.56445833336
2022-11-19 03,327666.10975
2022-11-19 04,320343.3145833334
2022-11-19 05,324365.2485
2022-11-19 06,307303.16004166665
2022-11-19 07,309208.731625
2022-11-19 08,355911.4285833333
2022-11-19 09,382896.3015416667
2022-11-19 10,385136.6583333334
2022-11-19 11,441545.8827083334
2022-11-19 12,431284.01745833334
2022-11-19 13,429036.0510416667
2022-11-19 14,431480.1092916667
2022-11-19 15,430737.9595833334
2022-11-19 16,452506.5475416667
2022-11-19 17,426895.45391666674
2022-11-19 18,412817.4431666667
2022-11-19 19,398240.62933333335
2022-11-19 20,413100.492
2022-11-19 21,400987.68100000004
2022-11-19 22,390234.71783333336
2022-11-19 23,382543.31520833337
2022-11-20 00,376949.3479583333
2022-11-20 01,370527.09079166665
2022-11-20 02,367929.20075
2022-11-20 03,346479.4140833334
2022-11-20 04,371974.4535416667
2022-11-20 05,423733.2409583333
2022-11-20 06,466911.3101666667
2022-11-20 07,518864.62454166665
2022-11-20 08,524920.654
2022-11-20 09,488759.169375
2022-11-20 10,466987.19262499997
2022-11-20 11,474247.38275000005
2022-11-20 12,485138.413125
2022-11-20 13,503599.18358333333
2022-11-20 14,498391.86062500003
2022-11-20 15,417806.49566666665
2022-11-20 16,421140.76520833344
2022-11-20 17,401865.6390833333
2022-11-20 18,393557.9192916667
2022-11-20 19,424998.05391666666
2022-11-20 20,424253.34941666666
2022-11-20 21,406972.841875
2022-11-20 22,500524.1753333334
2022-11-20 23,475689.3994166667
2022-11-21 00,468044.94450000004
2022-11-21 01,458144.4933750001
2022-11-21 02,432762.17
2022-11-21 03,421420.1724166667
2022-11-21 04,376114.52541666664
2022-11-21 05,363546.18504166673
2022-11-21 06,356934.9195
2022-11-21 07,341654.0005416667
2022-11-21 08,351458.79425000004
2022-11-21 09,390583.8043333334
2022-11-21 10,420506.10925000004
2022-11-21 11,456648.00891666673
2022-11-21 12,473974.2765000001
2022-11-21 13,477178.1796666667
2022-11-21 14,478364.79612500005
2022-11-21 15,471839.893125
2022-11-21 16,472682.90383333334
2022-11-21 17,485238.88149999996
2022-11-21 18,464507.7970416667
2022-11-21 19,456350.7925416667
2022-11-21 20,480794.5892916667
2022-11-21 21,455394.39854166674
2022-11-21 22,421306.34133333334
2022-11-21 23,424744.42245833337
2022-11-22 00,423313.2464166667
2022-11-22 01,381119.66716666665
2022-11-22 02,346392.803625
2022-11-22 03,349749.6832083333
2022-11-22 04,337478.08025000006
2022-11-22 05,349165.4026666667
2022-11-22 06,346647.0487916667
2022-11-22 07,336583.6497916667
2022-11-22 08,339484.723375
2022-11-22 09,388120.53983333334
2022-11-22 10,379444.71458333335
2022-11-22 11,414233.5925416667
2022-11-22 12,447669.4852500001
2022-11-22 13,454895.412875
2022-11-22 14,467012.6362083333
2022-11-22 15,464566.18058333336
2022-11-22 16,480723.30875
2022-11-22 17,452412.5578333333
2022-11-22 18,370993.63245833333
2022-11-22 19,359063.9298750001
2022-11-22 20,342742.931875
2022-11-22 21,333592.86095833336
2022-11-22 22,323505.34075000003
2022-11-22 23,308151.71362500003
2022-11-23 00,311299.946375
2022-11-23 01,319308.396125
2022-11-23 02,324154.1469166667
2022-11-23 03,319833.4694583334
2022-11-23 04,322573.74133333337
2022-11-23 05,319246.1699583333
2022-11-23 06,320577.74179166666
2022-11-23 07,323557.3684166667
2022-11-23 08,339223.82825
2022-11-23 09,390713.88904166664
2022-11-23 10,429899.0756666667
2022-11-23 11,418794.6570833334
2022-11-23 12,450035.54887500004
2022-11-23 13,485489.31158333336
2022-11-23 14,484614.00504166674
2022-11-23 15,467200.35475
2022-11-23 16,475090.31587500003
2022-11-23 17,476797.00666666665
2022-11-23 18,376475.01687500003
2022-11-23 19,355312.2392916667
2022-11-23 20,354829.83783333335
2022-11-23 21,345981.7426666667
2022-11-23 22,329202.9025
2022-11-23 23,304755.24529166665
2022-11-24 00,304747.3020833333
2022-11-24 01,313190.27166666667
2022-11-24 02,308544.2931666667
2022-11-24 03,306354.386
2022-11-24 04,313911.4762916667
2022-11-24 05,298310.336125
2022-11-24 06,305468.64745833335
2022-11-24 07,287592.75195833336
2022-11-24 08,311626.2464583334
2022-11-24 09,382348.40483333333
2022-11-24 10,448013.6799583333
2022-11-24 11,471082.7649166667
2022-11-24 12,489561.23058333335
2022-11-24 13,493511.72870833334
2022-11-24 14,498121.48558333336
2022-11-24 15,511349.21537499997
2022-11-24 16,502356.84516666667
2022-11-24 17,513352.21050000004
2022-11-24 18,508529.7594583334
2022-11-24 19,523525.203125
2022-11-24 20,499013.77225
2022-11-24 21,474827.87975
2022-11-24 22,540053.87725
2022-11-24 23,550119.2686666667
2022-11-25 00,557452.8972916667
2022-11-25 01,555208.8537500001
2022-11-25 02,557918.5884166667
2022-11-25 03,566625.6728333334
2022-11-25 04,485328.6725416667
2022-11-25 05,383169.6635
2022-11-25 06,392390.8154166667
2022-11-25 07,394243.2057916667
2022-11-25 08,406492.9680833334
2022-11-25 09,465397.76224999997
2022-11-25 10,495570.69687499997
2022-11-25 11,483220.758625
2022-11-25 12,466525.6288333333
2022-11-25 13,464192.50020833337
2022-11-25 14,464950.82370833337
2022-11-25 15,463816.44875000004
2022-11-25 16,467484.54545833333
2022-11-25 17,497273.69445833337
2022-11-25 18,507672.403
2022-11-25 19,426862.26729166665
2022-11-25 20,404728.2737083333
2022-11-25 21,386332.68183333334
2022-11-25 22,389532.8784583334
2022-11-25 23,378845.2507083334
2022-11-26 00,379847.21595833334
2022-11-26 01,356116.0086666667
2022-11-26 02,358112.78975
2022-11-26 03,362303.210625
2022-11-26 04,330951.76320833334
2022-11-26 05,333949.3215
2022-11-26 06,338245.11125
2022-11-26 07,338565.3264166667
2022-11-26 08,346280.91020833334
2022-11-26 09,393104.26995833335
2022-11-26 10,456284.2156666667
2022-11-26 11,489644.45725
2022-11-26 12,478982.6039583334
2022-11-26 13,475439.1404583333
2022-11-26 14,478624.4149166667
2022-11-26 15,488388.5047916667
2022-11-26 16,483713.96050000004
2022-11-26 17,492337.229875
2022-11-26 18,481238.4113333333
2022-11-26 19,412654.9909583334
2022-11-26 20,391982.61241666664
2022-11-26 21,363971.13412500004
2022-11-26 22,333673.71904166666
2022-11-26 23,326290.13433333335
2022-11-27 00,320462.163375
2022-11-27 01,318246.9876666667
2022-11-27 02,324249.8259583334
2022-11-27 03,321329.17116666667
2022-11-27 04,308879.17537500005
2022-11-27 05,303520.0549583333
2022-11-27 06,306604.832125
2022-11-27 07,308951.3807916667
2022-11-27 08,341370.1839166667
2022-11-27 09,373675.12045833335
2022-11-27 10,411247.95829166676
2022-11-27 11,391505.810875
2022-11-27 12,457050.03916666674
2022-11-27 13,441906.5420000001
2022-11-27 14,435476.8676666667
2022-11-27 15,420628.04720833333
2022-11-27 16,424736.7849166666
2022-11-27 17,436754.05766666675
2022-11-27 18,383487.44950000005
2022-11-27 19,350122.3890833334
2022-11-27 20,329786.4519166667
2022-11-27 21,320917.0290416667
2022-11-27 22,319554.0605833333
2022-11-27 23,323721.8572083334
2022-11-28 00,320780.50958333333
2022-11-28 01,340436.5419166667
2022-11-28 02,327065.84650000004
2022-11-28 03,357397.3400833334
2022-11-28 04,354567.46220833337
2022-11-28 05,365057.25062500004
2022-11-28 06,357467.00295833335
2022-11-28 07,362181.13479166664
2022-11-28 08,382754.7843333334
2022-11-28 09,447011.4597083333
2022-11-28 10,463270.950625
2022-11-28 11,443478.79383333336
2022-11-28 12,460062.12116666674
2022-11-28 13,442418.04204166675
2022-11-28 14,431678.27425
2022-11-28 15,431965.8385
2022-11-28 16,432465.93266666663
2022-11-28 17,428960.29408333334
2022-11-28 18,405960.58725000004
2022-11-28 19,417402.3670416667
2022-11-28 20,399681.2580000001
2022-11-28 21,409779.06850000005
2022-11-28 22,403799.06308333337
2022-11-28 23,402407.8359583334
2022-11-29 00,396378.37770833337
2022-11-29 01,399545.7817500001
2022-11-29 02,395376.7680833333
2022-11-29 03,395664.8104583333
2022-11-29 04,393976.554125
2022-11-29 05,396699.89033333334
2022-11-29 06,396645.39333333337
2022-11-29 07,391172.89775
2022-11-29 08,386155.3077083333
2022-11-29 09,408001.2780833333
2022-11-29 10,457471.7534166667
2022-11-29 11,435230.01012500003
2022-11-29 12,441912.5847083333
2022-11-29 13,424468.70175
2022-11-29 14,436588.7078333334
2022-11-29 15,436457.2447916667
2022-11-29 16,429420.4755
2022-11-29 17,426148.8639166667
2022-11-29 18,399010.59145833337
2022-11-29 19,380026.91854166664
2022-11-29 20,380552.13862499996
2022-11-29 21,388734.25654166663
2022-11-29 22,379873.2374166667
2022-11-29 23,366387.148125
2022-11-30 00,317491.58454166667
2022-11-30 01,309939.04550000007
2022-11-30 02,311708.3163333333
2022-11-30 03,318752.39425
2022-11-30 04,318355.46270833333
2022-11-30 05,325440.70616666664
2022-11-30 06,316760.0859583334
2022-11-30 07,317724.1836666667
2022-11-30 08,346442.284
2022-11-30 09,376441.5038333333
2022-11-30 10,384540.1360416667
2022-11-30 11,452844.6190416667
2022-11-30 12,451466.995875
2022-11-30 13,440021.1697916666
2022-11-30 14,443452.72424999997
2022-11-30 15,445624.85125
2022-11-30 16,454378.0688333334
2022-11-30 17,430012.7275416667
2022-11-30 18,403478.27145833336
2022-11-30 19,391000.7019166667
2022-11-30 20,361816.24137500004
2022-11-30 21,342756.82670833333
2022-11-30 22,324944.7839166667
2022-11-30 23,325780.93658333336
2022-12-01 00,408613.53875000007
2022-12-01 01,400973.1651666667
2022-12-01 02,407031.8182916667
2022-12-01 03,401181.39783333335
2022-12-01 04,396404.2954583334
2022-12-01 05,395176.729625
2022-12-01 06,383062.2702916667
2022-12-01 07,368383.38783333334
2022-12-01 08,381750.2175
2022-12-01 09,410638.8327916667
2022-12-01 10,451248.5761250001
2022-12-01 11,458167.09054166666
2022-12-01 12,432309.52416666667
2022-12-01 13,424785.1842083333
2022-12-01 14,423397.67158333334
2022-12-01 15,420864.42658333335
2022-12-01 16,433812.19200000004
2022-12-01 17,425893.116375
2022-12-01 18,389324.98816666665
2022-12-01 19,381687.0842083334
2022-12-01 20,362663.49529166665
2022-12-01 21,351318.28233333334
2022-12-01 22,356654.7305416667
2022-12-01 23,375576.3975416667
2022-12-02 00,369998.01554166665
2022-12-02 01,412656.9932083334
2022-12-02 02,444915.8656666667
2022-12-02 03,387017.76725000003
2022-12-02 04,366648.78454166674
2022-12-02 05,385261.9036666667
2022-12-02 06,395335.887875
2022-12-02 07,395781.5055
2022-12-02 08,391159.1167083333
2022-12-02 09,404746.68662500003
2022-12-02 10,469199.27654166677
2022-12-02 11,464583.0286666667
2022-12-02 12,464566.69949999993
2022-12-02 13,430519.473375
2022-12-02 14,438971.60775
2022-12-02 15,431120.9587083333
2022-12-02 16,401554.1947916667
2022-12-02 17,441472.3894166667
2022-12-02 18,455473.43725
2022-12-02 19,423383.14333333337
2022-12-02 20,403757.73579166667
2022-12-02 21,386612.4260833333
2022-12-02 22,389435.02608333336
2022-12-02 23,376800.11762499996
2022-12-03 00,367263.6830833333
2022-12-03 01,374425.3411666667
2022-12-03 02,383073.65412500006
2022-12-03 03,368259.332
2022-12-03 04,332266.92754166666
2022-12-03 05,325933.9217916667
2022-12-03 06,339529.7367916667
2022-12-03 07,342006.56179166667
2022-12-03 08,329951.2535416667
2022-12-03 09,360085.6258333333
2022-12-03 10,350072.17083333334
2022-12-03 11,399200.23975
2022-12-03 12,440408.2812083333
2022-12-03 13,417269.00787500007
2022-12-03 14,426425.45625
2022-12-03 15,377011.47650000005
2022-12-03 16,382737.3745
2022-12-03 17,383015.13412500004
2022-12-03 18,363517.3245833334
2022-12-03 19,377595.6635416667
2022-12-03 20,379112.63516666665
2022-12-03 21,369583.0485833334
2022-12-03 22,383330.0439166667
2022-12-03 23,381758.5293333333
2022-12-04 00,365829.2682083333
2022-12-04 01,359146.43991666666
2022-12-04 02,357742.4857083333
2022-12-04 03,316898.03
2022-12-04 04,317654.11833333335
2022-12-04 05,333400.0744166667
2022-12-04 06,318182.438
2022-12-04 07,317707.88258333335
2022-12-04 08,330820.50175
2022-12-04 09,354369.4340416666
2022-12-04 10,404753.51224999997
2022-12-04 11,433131.15783333336
2022-12-04 12,437941.0530416667
2022-12-04 13,460829.39149999997
2022-12-04 14,463457.4047083334
2022-12-04 15,433262.77533333335
2022-12-04 16,416530.20225000003
2022-12-04 17,402009.14137500006
2022-12-04 18,375457.3880833334
2022-12-04 19,377638.3950416667
2022-12-04 20,359900.14137499995
2022-12-04 21,316646.41725
2022-12-04 22,322670.26070833334
2022-12-04 23,321279.3543333334
2022-12-05 00,316910.19200000004
2022-12-05 01,310483.616875
2022-12-05 02,311629.60362500005
2022-12-05 03,311043.69129166665
2022-12-05 04,313610.6664166667
2022-12-05 05,308647.761125
2022-12-05 06,312501.272
2022-12-05 07,316338.9202916667
2022-12-05 08,350997.546375
2022-12-05 09,398431.9170833333
2022-12-05 10,365187.9329166667
2022-12-05 11,381246.2462916667
2022-12-05 12,421733.64970833337
2022-12-05 13,471066.99125
2022-12-05 14,486671.67245833337
2022-12-05 15,486674.39725
2022-12-05 16,488033.65275000007
2022-12-05 17,482201.54720833333
2022-12-05 18,446944.44587500003
2022-12-05 19,427014.74575
2022-12-05 20,414680.65625
2022-12-05 21,365061.6817916667
2022-12-05 22,349416.10070833337
2022-12-05 23,328121.61020833335
2022-12-06 00,322418.13033333333
2022-12-06 01,306986.0702916667
2022-12-06 02,305651.96825000003
2022-12-06 03,306095.696125
2022-12-06 04,308733.6055416667
2022-12-06 05,310803.0087083333
2022-12-06 06,306971.61062500003
2022-12-06 07,321893.7675416667
2022-12-06 08,344102.6389166667
2022-12-06 09,386872.1353333334
2022-12-06 10,428837.44425
2022-12-06 11,413246.28395833337
2022-12-06 12,412804.7017083334
2022-12-06 13,462622.42708333343
2022-12-06 14,475929.3472916667
2022-12-06 15,489389.4054166667
2022-12-06 16,490965.819625
2022-12-06 17,475832.144625
2022-12-06 18,445707.3066666667
2022-12-06 19,407721.22141666664
2022-12-06 20,356398.8832916667
2022-12-06 21,332444.83225000004
2022-12-06 22,325535.09320833336
2022-12-06 23,305086.3400833334
2022-12-07 00,309093.10887500003
2022-12-07 01,308709.62983333337
2022-12-07 02,322392.07575
2022-12-07 03,325138.92537500005
2022-12-07 04,320248.04254166665
2022-12-07 05,318105.4911666667
2022-12-07 06,321481.0146666667
2022-12-07 07,324287.8437916667
2022-12-07 08,352750.482625
2022-12-07 09,392421.8651666667
2022-12-07 10,427481.33225000004
2022-12-07 11,429410.41479166667
2022-12-07 12,408748.03
2022-12-07 13,443846.0155
2022-12-07 14,470133.6139166667
2022-12-07 15,468902.0784166667
2022-12-07 16,479430.71554166666
2022-12-07 17,433302.32250000007
2022-12-07 18,370380.7503333334
2022-12-07 19,348746.35229166667
2022-12-07 20,339311.8694166667
2022-12-07 21,324362.1394166667
2022-12-07 22,314572.36712500005
2022-12-07 23,321401.0201666667
2022-12-08 00,328480.1365416667
2022-12-08 01,319837.2236666667
2022-12-08 02,321998.37862500007
2022-12-08 03,318060.67058333335
2022-12-08 04,309927.7385
2022-12-08 05,302375.9152916667
2022-12-08 06,297532.5044583333
2022-12-08 07,303100.003875
2022-12-08 08,311321.91904166667
2022-12-08 09,357319.697
2022-12-08 10,412899.06875000003
2022-12-08 11,447399.55079166667
2022-12-08 12,458447.1311666667
2022-12-08 13,479116.3394166667
2022-12-08 14,482919.5327916667
2022-12-08 15,486327.1402083333
2022-12-08 16,488090.37000000005
2022-12-08 17,482778.78808333335
2022-12-08 18,432692.3155
2022-12-08 19,375833.755375
2022-12-08 20,345312.594625
2022-12-08 21,336706.65
2022-12-08 22,321316.210625
2022-12-08 23,311331.09625
2022-12-09 00,315181.2820416667
2022-12-09 01,315936.5974583333
2022-12-09 02,323819.41579166666
2022-12-09 03,324455.84908333333
2022-12-09 04,318967.72437500005
2022-12-09 05,323467.11975
2022-12-09 06,326876.011875
2022-12-09 07,327084.9760833334
2022-12-09 08,346715.62758333335
2022-12-09 09,385173.95875
2022-12-09 10,420999.9847083334
2022-12-09 11,409405.1451666667
2022-12-09 12,409350.728625
2022-12-09 13,427658.6857916667
2022-12-09 14,459143.57683333335
2022-12-09 15,467658.32916666666
2022-12-09 16,455580.1909583334
2022-12-09 17,450342.6801666667
2022-12-09 18,356719.4113333334
2022-12-09 19,335960.1577916667
2022-12-09 20,340287.922875
2022-12-09 21,335304.04308333335
2022-12-09 22,340106.21075
2022-12-09 23,312048.12287500006
2022-12-10 00,308585.6840416667
2022-12-10 01,318806.6375416667
2022-12-10 02,321439.4455833333
2022-12-10 03,321546.1761666667
2022-12-10 04,320253.05870833335
2022-12-10 05,326178.70325
2022-12-10 06,326589.20162500005
2022-12-10 07,325017.970625
2022-12-10 08,355567.839875
2022-12-10 09,377670.48941666674
2022-12-10 10,410746.7149166667
2022-12-10 11,398103.64070833335
2022-12-10 12,416794.3339166667
2022-12-10 13,439492.18312500004
2022-12-10 14,437724.1120416667
2022-12-10 15,436179.89700000006
2022-12-10 16,436676.2115416667
2022-12-10 17,394605.76625000004
2022-12-10 18,365710.5356666667
2022-12-10 19,315628.24408333335
2022-12-10 20,317782.9194166667
2022-12-10 21,320082.9614166667
2022-12-10 22,317683.1406666667
2022-12-10 23,315329.29462500004
2022-12-11 00,308521.177625
2022-12-11 01,308378.6845416667
2022-12-11 02,318921.988625
2022-12-11 03,322792.89420833334
2022-12-11 04,320348.17887500004
2022-12-11 05,323084.34537500003
2022-12-11 06,318230.47533333336
2022-12-11 07,311943.24470833334
2022-12-11 08,343129.87183333334
2022-12-11 09,376310.2189166667
2022-12-11 10,409300.9395833334
2022-12-11 11,428968.4887916667
2022-12-11 12,390036.81570833334
2022-12-11 13,414759.7231666667
2022-12-11 14,438917.66987499996
2022-12-11 15,431925.554375
2022-12-11 16,415891.949375
2022-12-11 17,399391.1693333334
2022-12-11 18,340091.48929166666
2022-12-11 19,319038.38195833337
2022-12-11 20,327708.770875
2022-12-11 21,477516.04000000004
2022-12-11 22,462667.65854166663
2022-12-11 23,483902.75325
2022-12-12 00,513136.6414166666
2022-12-12 01,470565.2237916666
2022-12-12 02,402256.55916666676
2022-12-12 03,381621.590875
2022-12-12 04,395901.9494583334
2022-12-12 05,389670.6213333334
2022-12-12 06,505956.87712499994
2022-12-12 07,560522.4710416667
2022-12-12 08,552959.79825
2022-12-12 09,503257.05445833335
2022-12-12 10,486161.3942083334
2022-12-12 11,467069.35929166665
2022-12-12 12,469816.64333333337
2022-12-12 13,471859.0879166667
2022-12-12 14,491786.8550833333
2022-12-12 15,510779.0422916667
2022-12-12 16,503265.421625
2022-12-12 17,528450.6500416667
2022-12-12 18,564772.8265000001
2022-12-12 19,574681.4465833333
2022-12-12 20,511434.26366666675
2022-12-12 21,463101.4845416667
2022-12-12 22,477121.3364166667
2022-12-12 23,439335.06575000007
2022-12-13 00,408249.429875
2022-12-13 01,411783.85245833336
2022-12-13 02,363302.99433333334
2022-12-13 03,422565.67566666676
2022-12-13 04,450906.94237500004
2022-12-13 05,453360.796875
2022-12-13 06,431487.11454166676
2022-12-13 07,420469.53200000006
2022-12-13 08,405314.3983333334
2022-12-13 09,422439.6520416667
2022-12-13 10,434318.43837499997
2022-12-13 11,435816.26275000005
2022-12-13 12,453099.48170833336
2022-12-13 13,417061.1682916667
2022-12-13 14,429866.803625
2022-12-13 15,437656.8768750001
2022-12-13 16,395856.430375
2022-12-13 17,359178.75870833336
2022-12-13 18,377161.32162500004
2022-12-13 19,402422.9765833333
2022-12-13 20,429944.9027916666
2022-12-13 21,429538.3904166667
2022-12-13 22,450350.2883333334
2022-12-13 23,436588.598125
2022-12-14 00,433495.643625
2022-12-14 01,409999.81508333335
2022-12-14 02,399619.5174166667
2022-12-14 03,353174.12304166664
2022-12-14 04,353238.726375
2022-12-14 05,344760.31566666666
2022-12-14 06,339266.83433333336
2022-12-14 07,333351.7542083333
2022-12-14 08,335983.5915833333
2022-12-14 09,352664.24799999996
2022-12-14 10,356443.33737500006
2022-12-14 11,395240.4800833333
2022-12-14 12,413789.035875
2022-12-14 13,380711.82066666667
2022-12-14 14,394394.05779166677
2022-12-14 15,389171.7406666667
2022-12-14 16,384918.55945833336
2022-12-14 17,379718.4092916667
2022-12-14 18,363274.27412500005
2022-12-14 19,373092.2737083333
2022-12-14 20,355636.913875
2022-12-14 21,359007.7930833334
2022-12-14 22,367084.8498333334
2022-12-14 23,361647.03287500003
2022-12-15 00,361792.2377916667
2022-12-15 01,365615.941875
2022-12-15 02,373866.07570833334
2022-12-15 03,376151.30991666665
2022-12-15 04,382981.1965416667
2022-12-15 05,394440.9089583333
2022-12-15 06,388255.40400000004
2022-12-15 07,385080.848375
2022-12-15 08,393329.9450416667
2022-12-15 09,400859.2200833333
2022-12-15 10,404913.409125
2022-12-15 11,413159.8094166667
2022-12-15 12,436759.70975
2022-12-15 13,436340.2634166667
2022-12-15 14,434149.93483333336
2022-12-15 15,443972.12779166666
2022-12-15 16,454223.43908333336
2022-12-15 17,447795.5120833334
2022-12-15 18,402236.860875
2022-12-15 19,375681.6885
2022-12-15 20,365256.6861666667
2022-12-15 21,339938.37545833335
2022-12-15 22,341971.97345833335
2022-12-15 23,334295.12045833335
2022-12-16 00,332198.21645833337
2022-12-16 01,336396.302375
2022-12-16 02,333854.12316666666
2022-12-16 03,322008.2659166667
2022-12-16 04,322912.02075
2022-12-16 05,318701.0114166667
2022-12-16 06,321327.09829166665
2022-12-16 07,319437.58587500005
2022-12-16 08,331780.17975
2022-12-16 09,353607.3605416667
2022-12-16 10,380084.02366666665
2022-12-16 11,426003.24487500003
2022-12-16 12,442312.3347083333
2022-12-16 13,454530.810875
2022-12-16 14,457308.76008333336
2022-12-16 15,450977.3506666667
2022-12-16 16,444234.8775
2022-12-16 17,421300.0422916667
2022-12-16 18,382415.2175416667
2022-12-16 19,359543.2160416667
2022-12-16 20,339544.8515833334
2022-12-16 21,324812.71183333336
2022-12-16 22,316757.769875
2022-12-16 23,320435.2096666667
2022-12-17 00,318742.50162500003
2022-12-17 01,320217.25454166665
2022-12-17 02,319335.175875
2022-12-17 03,320156.9789583333
2022-12-17 04,317758.453625
2022-12-17 05,315409.4125416667
2022-12-17 06,313224.36975
2022-12-17 07,312342.373375
2022-12-17 08,340274.113375
2022-12-17 09,370782.02025000006
2022-12-17 10,374662.0532916667
2022-12-17 11,412839.8843333334
2022-12-17 12,445425.3367916667
2022-12-17 13,458096.16979166673
2022-12-17 14,443454.15075000003
2022-12-17 15,469956.6273333334
2022-12-17 16,437629.3840416667
2022-12-17 17,426436.14045833336
2022-12-17 18,381669.05904166674
2022-12-17 19,358982.65645833337
2022-12-17 20,354611.5474166667
2022-12-17 21,334986.511375
2022-12-17 22,325054.09091666667
2022-12-17 23,316396.75212500006
2022-12-18 00,323897.5887916667
2022-12-18 01,327027.1645416667
2022-12-18 02,317057.958375
2022-12-18 03,305762.51820833335
2022-12-18 04,302206.96662500006
2022-12-18 05,304430.0105833334
2022-12-18 06,303426.663
2022-12-18 07,299167.14133333333
2022-12-18 08,338558.88241666666
2022-12-18 09,358120.0367916667
2022-12-18 10,389812.15495833335
2022-12-18 11,400147.5485833334
2022-12-18 12,385573.90904166666
2022-12-18 13,423860.7364583334
2022-12-18 14,459223.21270833333
2022-12-18 15,452711.0314166667
2022-12-18 16,451026.11575000006
2022-12-18 17,426088.2585
2022-12-18 18,366881.54337500007
2022-12-18 19,365470.26954166667
2022-12-18 20,352589.5487916667
2022-12-18 21,338014.4864583334
2022-12-18 22,343658.96162500005
2022-12-18 23,330845.38279166666
2022-12-19 00,329481.7389166667
2022-12-19 01,335906.23458333337
2022-12-19 02,328092.8763333334
2022-12-19 03,322303.17062499997
2022-12-19 04,324081.34112500004
2022-12-19 05,321423.64075
2022-12-19 06,320960.110125
2022-12-19 07,326952.5688333334
2022-12-19 08,326477.5185416667
2022-12-19 09,355852.5158333333
2022-12-19 10,386428.3026666667
2022-12-19 11,389736.84341666667
2022-12-19 12,383297.652375
2022-12-19 13,407397.9553750001
2022-12-19 14,444162.1369583334
2022-12-19 15,450247.7476666667
2022-12-19 16,456091.884
2022-12-19 17,421362.34129166673
2022-12-19 18,352255.6299583334
2022-12-19 19,321993.75858333334
2022-12-19 20,326557.0764166667
2022-12-19 21,322881.3889166667
2022-12-19 22,340324.51283333334
2022-12-19 23,353893.58375000005
2022-12-20 00,346864.32608333335
2022-12-20 01,348924.47695833334
2022-12-20 02,338536.37179166666
2022-12-20 03,338189.31733333337
2022-12-20 04,346551.511875
2022-12-20 05,357590.0756666667
2022-12-20 06,365210.30983333336
2022-12-20 07,368093.63025
2022-12-20 08,370803.01666666666
2022-12-20 09,386395.4094166667
2022-12-20 10,409974.68662500003
2022-12-20 11,439956.39920833334
2022-12-20 12,450313.0299166667
2022-12-20 13,448891.03941666667
2022-12-20 14,459258.402125
2022-12-20 15,454695.91770833335
2022-12-20 16,449950.554
2022-12-20 17,436851.1754166667
2022-12-20 18,388446.28104166663
2022-12-20 19,385347.9310833334
2022-12-20 20,385828.54000000004
2022-12-20 21,390726.3539166667
2022-12-20 22,389094.541625
2022-12-20 23,389250.629
2022-12-21 00,387951.4084583333
2022-12-21 01,388560.49487500003
2022-12-21 02,387591.372625
2022-12-21 03,384478.45125
2022-12-21 04,384144.53608333337
2022-12-21 05,384618.34300000005
2022-12-21 06,387843.3629583334
2022-12-21 07,387547.3318333333
2022-12-21 08,382523.32958333334
2022-12-21 09,386177.15875
2022-12-21 10,401818.43
2022-12-21 11,416446.22187500005
2022-12-21 12,424279.53091666667
2022-12-21 13,430120.3997916667
2022-12-21 14,443177.93079166673
2022-12-21 15,438055.14762500004
2022-12-21 16,424943.64458333334
2022-12-21 17,413873.2854583333
2022-12-21 18,383862.9967083333
2022-12-21 19,387443.86354166665
2022-12-21 20,386674.72500000003
2022-12-21 21,387885.60000000003
2022-12-21 22,384129.8657916666
2022-12-21 23,384514.95100000006
2022-12-22 00,383579.280125
2022-12-22 01,380141.3573333333
2022-12-22 02,371070.244625
2022-12-22 03,373415.012875
2022-12-22 04,361703.2099166667
2022-12-22 05,351664.2733333334
2022-12-22 06,348882.0931666667
2022-12-22 07,338768.05275
2022-12-22 08,336769.41870833334
2022-12-22 09,348381.442625
2022-12-22 10,367875.5725
2022-12-22 11,432652.757125
2022-12-22 12,472529.6057083334
2022-12-22 13,447579.9249166667
2022-12-22 14,452764.2074166667
2022-12-22 15,457154.3850416667
2022-12-22 16,448006.66004166665
2022-12-22 17,423966.0726666667
2022-12-22 18,368645.15154166665
2022-12-22 19,353167.87025
2022-12-22 20,337815.49875
2022-12-22 21,325601.32937500003
2022-12-22 22,318221.0555
2022-12-22 23,323211.36208333337
2022-12-23 00,314667.8905
2022-12-23 01,316474.9700833333
2022-12-23 02,319949.644875
2022-12-23 03,317044.222
2022-12-23 04,312318.3852083334
2022-12-23 05,311278.4556666667
2022-12-23 06,307264.414875
2022-12-23 07,306063.586
2022-12-23 08,339001.831
2022-12-23 09,361674.0422083333
2022-12-23 10,388597.89887499996
2022-12-23 11,378514.891125
2022-12-23 12,425681.05808333337
2022-12-23 13,436600.6792083334
2022-12-23 14,427686.31762499997
2022-12-23 15,411883.3262083333
2022-12-23 16,397270.488375
2022-12-23 17,385496.52691666665
2022-12-23 18,339781.043
2022-12-23 19,325417.1815
2022-12-23 20,327777.6270833333
2022-12-23 21,322058.91266666667
2022-12-23 22,319145.6270833334
2022-12-23 23,305329.58220833336
2022-12-24 00,299943.7982083334
2022-12-24 01,303217.81950000004
2022-12-24 02,307923.69683333335
2022-12-24 03,314471.27995833335
2022-12-24 04,316586.33633333334
2022-12-24 05,310323.8480416667
2022-12-24 06,303742.24712500005
2022-12-24 07,312940.78900000005
2022-12-24 08,334281.47525
2022-12-24 09,362820.9028333333
2022-12-24 10,394379.09775
2022-12-24 11,396478.4974166667
2022-12-24 12,388314.4385
2022-12-24 13,440730.243
2022-12-24 14,455574.5805833333
2022-12-24 15,457352.0579166667
2022-12-24 16,455610.7048333334
2022-12-24 17,431513.50908333337
2022-12-24 18,377820.23291666666
2022-12-24 19,375137.6713333333
2022-12-24 20,335868.3555
2022-12-24 21,319004.5283333333
2022-12-24 22,316340.1955
2022-12-24 23,317683.378125
2022-12-25 00,308250.861125
2022-12-25 01,304858.11120833334
2022-12-25 02,312147.3307916667
2022-12-25 03,321086.65375
2022-12-25 04,320873.01916666667
2022-12-25 05,322088.59775
2022-12-25 06,321694.61975
2022-12-25 07,323893.6224583334
2022-12-25 08,343272.76166666666
2022-12-25 09,374362.70162500005
2022-12-25 10,424663.6979166667
2022-12-25 11,422868.68808333337
2022-12-25 12,394322.8033333334
2022-12-25 13,444164.016
2022-12-25 14,480285.4235833333
2022-12-25 15,484553.83
2022-12-25 16,478196.0393333333
2022-12-25 17,438042.6117500001
2022-12-25 18,359686.30970833334
2022-12-25 19,338791.93375
2022-12-25 20,319353.94979166664
2022-12-25 21,318427.3559166667
2022-12-25 22,314653.206125
2022-12-25 23,307185.741125
2022-12-26 00,306987.59670833335
2022-12-26 01,313968.353125
2022-12-26 02,318990.3547916667
2022-12-26 03,321411.44025000004
2022-12-26 04,318705.935625
2022-12-26 05,320668.9992083334
2022-12-26 06,322358.924375
2022-12-26 07,322153.50454166665
2022-12-26 08,345697.3667083334
2022-12-26 09,388170.7602083333
2022-12-26 10,394922.6280416667
2022-12-26 11,395579.01241666666
2022-12-26 12,436815.90291666676
2022-12-26 13,455527.2415
2022-12-26 14,458722.4978333334
2022-12-26 15,452444.021
2022-12-26 16,459717.55104166665
2022-12-26 17,421614.9779166667
2022-12-26 18,388910.5979583333
2022-12-26 19,398400.3935416667
2022-12-26 20,456373.21695833333
2022-12-26 21,454765.707125
2022-12-26 22,463077.36808333336
2022-12-26 23,468905.93375
2022-12-27 00,459871.46762500005
2022-12-27 01,459207.52875000006
2022-12-27 02,419068.75704166666
2022-12-27 03,403050.77
2022-12-27 04,390665.1485833333
2022-12-27 05,393150.8761666667
2022-12-27 06,399942.17375
2022-12-27 07,391745.8317916666
2022-12-27 08,364381.86079166667
2022-12-27 09,407596.2598333334
2022-12-27 10,444352.4032916667
2022-12-27 11,439036.292125
2022-12-27 12,462860.08825000003
2022-12-27 13,453702.3367916667
2022-12-27 14,441428.84975000005
2022-12-27 15,463387.43483333336
2022-12-27 16,447653.0859583334
2022-12-27 17,444840.35024999996
2022-12-27 18,385278.18454166665
2022-12-27 19,409933.7748333334
2022-12-27 20,418425.37304166664
2022-12-27 21,379553.3827083334
2022-12-27 22,381629.0548333333
2022-12-27 23,407389.09475
2022-12-28 00,390515.6645833333
2022-12-28 01,358557.80775
2022-12-28 02,341583.91845833336
2022-12-28 03,338500.6529583333
2022-12-28 04,336585.39975000004
2022-12-28 05,335359.4552083334
2022-12-28 06,321731.2635416667
2022-12-28 07,331771.78458333336
2022-12-28 08,324951.66291666665
2022-12-28 09,345059.40108333336
2022-12-28 10,378784.5575416667
2022-12-28 11,416512.6147916667
2022-12-28 12,444568.5665416667
2022-12-28 13,452251.2761666667
2022-12-28 14,453184.31104166666
2022-12-28 15,452445.07583333337
2022-12-28 16,453116.011875
2022-12-28 17,461426.0475416667
2022-12-28 18,450398.40800000005
2022-12-28 19,416738.5434166666
2022-12-28 20,401975.58162500005
2022-12-28 21,404339.6149166667
2022-12-28 22,408020.27945833333
2022-12-28 23,428055.1810416667
2022-12-29 00,428589.31375000003
2022-12-29 01,454151.4504166667
2022-12-29 02,460453.72595833335
2022-12-29 03,444707.37304166675
2022-12-29 04,437748.4631666667
2022-12-29 05,400441.8465
2022-12-29 06,349760.36275000003
2022-12-29 07,334171.3552916667
2022-12-29 08,369993.4269166666
2022-12-29 09,408615.7779583333
2022-12-29 10,426383.86841666675
2022-12-29 11,444219.44183333335
2022-12-29 12,454043.32933333336
2022-12-29 13,453754.93466666667
2022-12-29 14,453056.38183333335
2022-12-29 15,452348.7875833334
2022-12-29 16,456340.36041666666
2022-12-29 17,467737.172875
2022-12-29 18,445175.55566666665
2022-12-29 19,445950.68279166665
2022-12-29 20,436737.24195833335
2022-12-29 21,438843.49770833337
2022-12-29 22,432932.238625
2022-12-29 23,433895.913375
2022-12-30 00,428141.1550833334
2022-12-30 01,430233.01404166664
2022-12-30 02,413814.60758333345
2022-12-30 03,381503.6258333333
2022-12-30 04,370720.6659166667
2022-12-30 05,382084.7702916667
2022-12-30 06,384380.6602083333
2022-12-30 07,372984.5760833333
2022-12-30 08,388449.77266666666
2022-12-30 09,406016.19029166666
2022-12-30 10,435373.33970833337
2022-12-30 11,450090.7160416667
2022-12-30 12,453754.56970833335
2022-12-30 13,453488.57495833334
2022-12-30 14,453309.52679166663
2022-12-30 15,452891.1882083334
2022-12-30 16,455832.729875
2022-12-30 17,470676.14529166673
2022-12-30 18,325650.23333333334
2022-12-30 19,289853.27591666667
2022-12-30 20,297921.46975
2022-12-30 21,319264.38516666665
2022-12-30 22,318267.45204166666
2022-12-30 23,307089.3626666667
